{"cameraMode":{"drawMode":0,"name":"Shaded","section":"Shading Mode"},"sceneLighting":true,"audioPlay":false,"sceneViewState":{"m_AlwaysRefresh":false,"showFog":true,"showSkybox":true,"showFlares":true,"showImageEffects":true,"showParticleSystems":true,"showVisualEffectGraphs":true,"m_FxEnabled":true},"in2DMode":false,"pivot":{"x":0.6499999761581421,"y":-3.558452606201172,"z":5.605003356933594},"rotation":{"x":-0.12292693555355072,"y":-0.03363857418298721,"z":0.004168834537267685,"w":-0.9918382167816162},"size":0.8660253882408142,"orthographic":false}